
USE cinema_7;



INSERT INTO cinema (c_id, c_name, c_address) VALUES
(1, 'Кінотеатр Київ', 'вул. Сахорова, 20'),
(2, 'Watcher', 'вул. Велика Васильківська, 19');

INSERT INTO hall (hall_id, c_id, hall_no) VALUES
(1, 1, 1),
(2, 2, 2),
(3, 1, 1),
(4, 2, 2);


-- Зал 1 (hall_id = 1)
INSERT INTO place (place_id, hall_id, row_no, seat_no, seat_type, place_price) VALUES
-- Зал 1
(1, 1, 1, 1, 'vip', 200.00), (2, 1, 1, 2, 'vip', 200.00), (3, 1, 1, 3, 'vip', 200.00), (4, 1, 1, 4, 'vip', 200.00), (5, 1, 1, 5, 'vip', 200.00),
(6, 1, 1, 6, 'vip', 200.00), (7, 1, 1, 7, 'vip', 200.00), (8, 1, 1, 8, 'vip', 200.00), (9, 1, 1, 9, 'vip', 200.00), (10, 1, 1, 10, 'vip', 200.00),
(11, 1, 2, 1, 'standard', 100.00), (12, 1, 2, 2, 'standard', 100.00), (13, 1, 2, 3, 'standard', 100.00), (14, 1, 2, 4, 'standard', 100.00), (15, 1, 2, 5, 'standard', 100.00),
(16, 1, 2, 6, 'standard', 100.00), (17, 1, 2, 7, 'standard', 100.00), (18, 1, 2, 8, 'standard', 100.00), (19, 1, 2, 9, 'standard', 100.00), (20, 1, 2, 10, 'standard', 100.00),
(21, 1, 3, 1, 'standard', 100.00), (22, 1, 3, 2, 'standard', 100.00), (23, 1, 3, 3, 'standard', 100.00), (24, 1, 3, 4, 'standard', 100.00), (25, 1, 3, 5, 'standard', 100.00),
(26, 1, 3, 6, 'standard', 100.00), (27, 1, 3, 7, 'standard', 100.00), (28, 1, 3, 8, 'standard', 100.00), (29, 1, 3, 9, 'standard', 100.00), (30, 1, 3, 10, 'standard', 100.00),
(31, 1, 4, 1, 'inclusive', 80.00), (32, 1, 4, 2, 'inclusive', 80.00), (33, 1, 4, 3, 'inclusive', 80.00), (34, 1, 4, 4, 'inclusive', 80.00), (35, 1, 4, 5, 'inclusive', 80.00),
(36, 1, 4, 6, 'inclusive', 80.00), (37, 1, 4, 7, 'inclusive', 80.00), (38, 1, 4, 8, 'inclusive', 80.00), (39, 1, 4, 9, 'inclusive', 80.00), (40, 1, 4, 10, 'inclusive', 80.00),

-- Зал 2
(41, 2, 1, 1, 'vip', 200.00), (42, 2, 1, 2, 'vip', 200.00), (43, 2, 1, 3, 'vip', 200.00), (44, 2, 1, 4, 'vip', 200.00), (45, 2, 1, 5, 'vip', 200.00),
(46, 2, 1, 6, 'vip', 200.00), (47, 2, 1, 7, 'vip', 200.00), (48, 2, 1, 8, 'vip', 200.00), (49, 2, 1, 9, 'vip', 200.00), (50, 2, 1, 10, 'vip', 200.00),
(51, 2, 2, 1, 'standard', 100.00), (52, 2, 2, 2, 'standard', 100.00), (53, 2, 2, 3, 'standard', 100.00), (54, 2, 2, 4, 'standard', 100.00), (55, 2, 2, 5, 'standard', 100.00),
(56, 2, 2, 6, 'standard', 100.00), (57, 2, 2, 7, 'standard', 100.00), (58, 2, 2, 8, 'standard', 100.00), (59, 2, 2, 9, 'standard', 100.00), (60, 2, 2, 10, 'standard', 100.00),
(61, 2, 3, 1, 'standard', 100.00), (62, 2, 3, 2, 'standard', 100.00), (63, 2, 3, 3, 'standard', 100.00), (64, 2, 3, 4, 'standard', 100.00), (65, 2, 3, 5, 'standard', 100.00),
(66, 2, 3, 6, 'standard', 100.00), (67, 2, 3, 7, 'standard', 100.00), (68, 2, 3, 8, 'standard', 100.00), (69, 2, 3, 9, 'standard', 100.00), (70, 2, 3, 10, 'standard', 100.00),
(71, 2, 4, 1, 'inclusive', 80.00), (72, 2, 4, 2, 'inclusive', 80.00), (73, 2, 4, 3, 'inclusive', 80.00), (74, 2, 4, 4, 'inclusive', 80.00), (75, 2, 4, 5, 'inclusive', 80.00),
(76, 2, 4, 6, 'inclusive', 80.00), (77, 2, 4, 7, 'inclusive', 80.00), (78, 2, 4, 8, 'inclusive', 80.00), (79, 2, 4, 9, 'inclusive', 80.00), (80, 2, 4, 10, 'inclusive', 80.00),

-- Зал 3
(81, 3, 1, 1, 'vip', 200.00), (82, 3, 1, 2, 'vip', 200.00), (83, 3, 1, 3, 'vip', 200.00), (84, 3, 1, 4, 'vip', 200.00), (85, 3, 1, 5, 'vip', 200.00),
(86, 3, 1, 6, 'vip', 200.00), (87, 3, 1, 7, 'vip', 200.00), (88, 3, 1, 8, 'vip', 200.00), (89, 3, 1, 9, 'vip', 200.00), (90, 3, 1, 10, 'vip', 200.00),
(91, 3, 2, 1, 'standard', 100.00), (92, 3, 2, 2, 'standard', 100.00), (93, 3, 2, 3, 'standard', 100.00), (94, 3, 2, 4, 'standard', 100.00), (95, 3, 2, 5, 'standard', 100.00),
(96, 3, 2, 6, 'standard', 100.00), (97, 3, 2, 7, 'standard', 100.00), (98, 3, 2, 8, 'standard', 100.00), (99, 3, 2, 9, 'standard', 100.00), (100, 3, 2, 10, 'standard', 100.00),
(101, 3, 3, 1, 'standard', 100.00), (102, 3, 3, 2, 'standard', 100.00), (103, 3, 3, 3, 'standard', 100.00), (104, 3, 3, 4, 'standard', 100.00), (105, 3, 3, 5, 'standard', 100.00),
(106, 3, 3, 6, 'standard', 100.00), (107, 3, 3, 7, 'standard', 100.00), (108, 3, 3, 8, 'standard', 100.00), (109, 3, 3, 9, 'standard', 100.00), (110, 3, 3, 10, 'standard', 100.00),
(111, 3, 4, 1, 'inclusive', 80.00), (112, 3, 4, 2, 'inclusive', 80.00), (113, 3, 4, 3, 'inclusive', 80.00), (114, 3, 4, 4, 'inclusive', 80.00), (115, 3, 4, 5, 'inclusive', 80.00),
(116, 3, 4, 6, 'inclusive', 80.00), (117, 3, 4, 7, 'inclusive', 80.00), (118, 3, 4, 8, 'inclusive', 80.00), (119, 3, 4, 9, 'inclusive', 80.00), (120, 3, 4, 10, 'inclusive', 80.00),

-- Зал 4
(121, 4, 1, 1, 'vip', 200.00), (122, 4, 1, 2, 'vip', 200.00), (123, 4, 1, 3, 'vip', 200.00), (124, 4, 1, 4, 'vip', 200.00), (125, 4, 1, 5, 'vip', 200.00),
(126, 4, 1, 6, 'vip', 200.00), (127, 4, 1, 7, 'vip', 200.00), (128, 4, 1, 8, 'vip', 200.00), (129, 4, 1, 9, 'vip', 200.00), (130, 4, 1, 10, 'vip', 200.00),
(131, 4, 2, 1, 'standard', 100.00), (132, 4, 2, 2, 'standard', 100.00), (133, 4, 2, 3, 'standard', 100.00), (134, 4, 2, 4, 'standard', 100.00), (135, 4, 2, 5, 'standard', 100.00),
(136, 4, 2, 6, 'standard', 100.00), (137, 4, 2, 7, 'standard', 100.00), (138, 4, 2, 8, 'standard', 100.00), (139, 4, 2, 9, 'standard', 100.00), (140, 4, 2, 10, 'standard', 100.00),
(141, 4, 3, 1, 'standard', 100.00), (142, 4, 3, 2, 'standard', 100.00), (143, 4, 3, 3, 'standard', 100.00), (144, 4, 3, 4, 'standard', 100.00), (145, 4, 3, 5, 'standard', 100.00),
(146, 4, 3, 6, 'standard', 100.00), (147, 4, 3, 7, 'standard', 100.00), (148, 4, 3, 8, 'standard', 100.00), (149, 4, 3, 9, 'standard', 100.00), (150, 4, 3, 10, 'standard', 100.00),
(151, 4, 4, 1, 'inclusive', 80.00), (152, 4, 4, 2, 'inclusive', 80.00), (153, 4, 4, 3, 'inclusive', 80.00), (154, 4, 4, 4, 'inclusive', 80.00), (155, 4, 4, 5, 'inclusive', 80.00),
(156, 4, 4, 6, 'inclusive', 80.00), (157, 4, 4, 7, 'inclusive', 80.00), (158, 4, 4, 8, 'inclusive', 80.00), (159, 4, 4, 9, 'inclusive', 80.00), (160, 4, 4, 10, 'inclusive', 80.00);
















INSERT INTO movie (m_id, m_name, m_type, m_duration, genre) VALUES
(1, 'Людина-павук: Крізь Всесвіт', '2D', 155, 'Екшин'),
(2, 'Джокер', '2D', 114, 'Трилер'),
(3, 'Оппенгеймер', '2D', 180, 'Драма'),
(4, 'Аватар 2', '2D', 220, 'Фантастика'),
(5, 'Інтерстеллар', '2D', 169, 'Наукова фантастика'),
(6, 'Темний лицар', '2D', 152, 'Бойовик'),
(7, 'Зелена книга', '2D', 130, 'Драма'),
(8, 'Вартові Галактики 3', '3D', 150, 'Фантастика'),
(9, 'Барбі', '2D', 114, 'Комедія'),
(10, 'Вбивці квіткової повні', '2D', 206, 'Історична драма');



INSERT INTO admin (admin_id, admin_first_name, admin_last_name, admin_email, admin_phone, admin_password, gender) VALUES
(1, 'Іван', 'Петренко', 'ivan@cinema.com', '0671112233', 'hashedpass1', 'Ч'),
(2, 'Ольга', 'Іванова', 'olga@cinema.com', '0672223344', 'hashedpass2', 'Ж');





INSERT INTO user (u_id, u_first_name, u_last_name, u_email, u_phone, u_password, gender, birth_date) VALUES
(1, 'Вікторія', 'Франчук', 'varfolomii27@zinchenko.ua', '0085951359', 'w6m^5KUc!I', 'Ж', '1982-04-22'),
(2, 'Прохір', 'Іваничук', 'vadym87@andreiko-mamchur.com', '+38 096 400-93-94', '+8kMRn_LoB', 'Ч', '1980-08-17'),
(3, 'Анжела', 'Романець', 'havrylenkomykhailo@baturynets.net', '+38 025 065-85-12', 'HvlXjYmg%6', 'Ж', '1963-05-07'),
(4, 'Венедикт', 'Василевич', 'iustym73@ukr.net', '+38 040 906-11-29', ')0Cb)tyMrJ', 'Ч', '1971-12-28'),
(5, 'Едита', 'Вовк', 'panteleimon15@yakymchuk.ua', '066 022 44 45', 'yTZEv(Ks#8', 'Ж', '1964-05-03'),
(6, 'Софія', 'Гуцуляк', 'panasshtepa@sirko.ua', '+38 086 873 76 04', '@5$sJIUr#I', 'Ж', '1973-09-21'),
(7, 'Давид', 'Рубан', 'azarvyshniak@furs.net', '+38 057 457 32 03', '6yI+YJWO+e', 'Ч', '1965-01-24'),
(8, 'Еріка', 'Затовканюк', 'nverkhovynets@zhuchenko.укр', '138 06 79', '_85T0r$v^!', 'Ж', '2004-02-26'),
(9, 'Вадим', 'Орлик', 'ostus@balaban-hunko.com', '025 357-08-17', '^@$1L1bq60', 'Ч', '1971-12-04'),
(10, 'Богуслава', 'Артимович', 'leon08@meta.ua', '+38 091 084-67-35', '*beFVIr&V9', 'Ж', '1962-04-04'),
(11, 'Сергій', 'Рак', 'havryletsvolodymyra@oliinyk.укр', '+38 088 583-15-10', '@2KFShMeXc', 'Ч', '1959-07-10'),
(12, 'Амвросій', 'Дерегус', 'tokarmakar@derkach-sirobaba.net', '+38 033 832-98-74', 'h4KZy7fr*0', 'Ч', '1973-11-01'),
(13, 'Галина', 'Фоменко', 'abebeshko@i.ua', '042 483 99 30', '!*O8K@Xbbx', 'Ж', '1979-01-10'),
(14, 'Яків', 'Щербань', 'zakharakulenko@rudko.укр', '+38 061 233-49-07', '@4j5NHw(G(', 'Ч', '1996-03-07'),
(15, 'Охрім', 'Вернидуб', 'ihaivoronskyi@meta.ua', '+38 (020) 531-49-98', '4*1xZM*h6!', 'Ч', '1969-10-19'),
(16, 'Антон', 'Деревʼянко', 'piddubnyivarfolomii@hrechko.net', '513 53 33', '$8PIeY@W1C', 'Ч', '1977-06-10'),
(17, 'Мирослав', 'Бабич', 'pzinchenko@meta.ua', '+38 078 920-70-48', '#ub&LGCp2L', 'Ч', '1964-05-01'),
(18, 'Лариса', 'Приходько', 'izinkevych@petryk.com', '017 944-20-59', '+&WuwCBZ4j', 'Ж', '1960-09-25'),
(19, 'Володимир', 'Романенко', 'spas63@ukr.net', '+38 (008) 903-52-53', '#8eAIdQO!j', 'Ч', '1992-01-10'),
(20, 'Соломон', 'Сімашкевич', 'kzakharenko@skopenko-zaika.ua', '084 357 51 54', '7^1dVTvG^V', 'Ч', '1966-08-10'),
(21, 'Аркадій', 'Хорішко', 'panasvanchenko@yeresko-hrechko.com', '+38 068 884-65-49', '!(7x2tXxF9', 'Ч', '1968-04-23'),
(22, 'Остап', 'Гуцуляк', 'viktoriiahaida@habelko.org', '309 30 31', '2m2OE!$Dh_', 'Ч', '1992-01-29'),
(23, 'Христина', 'Деряжний', 'danylenkodavyd@i.ua', '578 09 06', '@M6$$Ine!v', 'Ж', '1998-10-30'),
(24, 'Пилип', 'Байда', 'bohuslava45@yakymenko.net', '+38 (064) 030-61-24', 'Vb2$0FQsEs', 'Ч', '1971-05-08'),
(25, 'Анастасія', 'Нестайко', 'daryna94@i.ua', '+38 032 090 08 24', '!MhH5nVT#0', 'Ж', '1964-12-05'),
(26, 'Людмила', 'Сімашкевич', 'giashchenko@meta.ua', '+38 075 035-64-59', 'D68Lb*pa(5', 'Ж', '1984-05-27'),
(27, 'Світлана', 'Александренко', 'danna20@i.ua', '004 221 09 48', 'Wj4W@6PI5^', 'Ж', '1973-04-11'),
(28, 'Симон', 'Яремків', 'pavlozhurba@lukash.info', '+38 088 375 71 61', '9QI4OehD$g', 'Ч', '1969-09-13'),
(29, 'Петро', 'Свириденко', 'vovkiefrem@meta.ua', '640 58 65', '*T6%MTcQzA', 'Ч', '1966-10-03'),
(30, 'Богданна', 'Рябовіл', 'deisunzlatoslava@babychenko.укр', '026 987-10-85', '_1N2p@Usg%', 'Ж', '1993-07-15'),
(31, 'Орина', 'Таран', 'hzaporozhets@demydenko.com', '+38 067 884 16 88', '+m6QJbS_SQ', 'Ж', '1976-04-23'),
(32, 'Ігнат', 'Гузій', 'danchuknazar@havryliuk.org', '+38 092 876 52 41', '%*6_3VUg8n', 'Ч', '1968-03-29'),
(33, 'Едуард', 'Савенко', 'andriiabrahamovskyi@svystun.net', '+38 (046) 507-98-90', '8@91Ym9yYD', 'Ч', '1978-12-07'),
(34, 'Тетяна', 'Адаменко', 'leonandreiko@huzenko-habelko.укр', '083 41 20', ')e8UPKvvL!', 'Ж', '2003-07-26'),
(35, 'Левко', 'Конопля', 'onysym31@i.ua', '789 06 19', 'E22AVVnP%N', 'Ч', '1987-07-10'),
(36, 'Соломія', 'Щириця', 'nataliia50@gov.ua', '945-84-60', 'I^W8NBaKWA', 'Ж', '1967-04-24'),
(37, 'Галина', 'Авдєєнко', 'mykhailo49@i.ua', '515-42-97', '_#9TSvcV7m', 'Ж', '1960-12-14'),
(38, 'Трохим', 'Дзиндра', 'mykytiukamaliia@gmail.com', '039-82-17', '$VJ0d++a_5', 'Ч', '1962-01-21'),
(39, 'Ігор', 'Дробʼязко', 'mykolaiandriienko@lutsenko.укр', '+38 041 661 21 90', 'eM2SR(jsc#', 'Ч', '1998-12-23'),
(40, 'Костянтин', 'Деркач', 'smoskal@ukr.net', '+38 (014) 477-72-62', '@59YSBdDzc', 'Ч', '1983-11-21'),
(41, 'Надія', 'Іщак', 'cherinkotrokhym@ukr.net', '+38 (024) 190-76-58', 'A@6SpIg5t&', 'Ж', '1988-04-26'),
(42, 'Юстина', 'Михайлюк', 'levchenkokhrystyna@gmail.com', '259-22-63', '!t$G3yI1M2', 'Ж', '1980-05-25'),
(43, 'Дмитро', 'Охріменко', 'riabetsviktoriia@dzyndra-nestaiko.info', '+38 046 196 76 96', '+hX3nBRg$9', 'Ч', '1994-03-08'),
(44, 'Лариса', 'Перебийніс', 'okhrim38@gmail.com', '+38 073 183-56-48', 'dtjMjiW1&5', 'Ж', '1975-04-06'),
(45, 'Соломія', 'Гавришкевич', 'feofanandroshchuk@email.ua', '154-31-15', '6e^%PP4!@^', 'Ж', '1974-10-22'),
(46, 'Ярема', 'Акуленко', 'bohdannashvachko@gmail.com', '+38 070 029-25-16', 'VB2V^GcP_^', 'Ч', '1996-02-13'),
(47, 'Герман ', 'Жученко', 'alevtyn96@i.ua', '+38 036 226-32-14', '7@D4IGdIbs', 'Ч', '1997-01-10'),
(48, 'Ярослава', 'Дейсун', 'gshakhrai@meta.ua', '750 91 22', '&3p8Lif0!d', 'Ж', '1977-05-12'),
(49, 'Ігор', 'Чалий', 'zlukash@yermolenko.com', '063 533-23-64', 'spZ$s8Wduz', 'Ч', '1975-11-12'),
(50, 'Едуард', 'Москаль', 'psirobaba@demydenko.info', '325-40-21', 'yc89VPlfq(', 'Ч', '1979-06-05'),
(51, 'Ярослава', 'Тягнибок', 'zmykytiuk@meta.ua', '+38 010 688-32-66', '9gEfIyln_d', 'Ж', '1986-07-18'),
(52, 'Валентина', 'Щорс', 'danylo09@bandurka.укр', '+38 005 029-26-22', 'U*W98R4bKA', 'Ж', '1959-12-15'),
(53, 'Орися', 'Петлюра', 'ivan26@ukr.net', '025 914 14 41', '#0Ro59Urnu', 'Ж', '1979-10-14'),
(54, 'Іван', 'Франко', 'jshablii@meta.ua', '067 751-17-52', 'V+(^)6Fuo*', 'Ч', '1996-04-01'),
(55, 'Мирослав', 'Пелех', 'mariiababii@gov.ua', '483-09-22', 'Zs+8UdYF5H', 'Ч', '1971-12-11'),
(56, 'Роман', 'Пушкар', 'sdakhno@meta.ua', '155 92 43', '%#BfKj0c22', 'Ч', '1993-12-22'),
(57, 'Антон', 'Шевченко', 'iukhymbandurka@romanchuk.org', '+38 075 324-68-35', 'v%2&JVZkXl', 'Ч', '1979-09-19'),
(58, 'Варвара', 'Конопля', 'emazur@i.ua', '+38 007 712-88-15', '^9EK!8nbsj', 'Ж', '1996-07-07'),
(59, 'Йосип', 'Полтавець', 'halyna67@demianiuk.com', '046-60-89', '+z586QUj&q', 'Ч', '1982-10-22'),
(60, 'Лесь', 'Жученко', 'khomakorzh@lahoda-averchenko.org', '+38 (056) 157-27-15', 'N^RxrV#l@8', 'Ч', '1979-05-11'),
(61, 'Юстина', 'Царенко', 'arkadiidavydenko@meta.ua', '+38 098 869-18-99', 'a0*Kmvzh+#', 'Ж', '1972-07-06'),
(62, 'Андрій', 'Барабаш', 'anita19@tarasenko.com', '060 471 58 08', '%uXFrG3nT9', 'Ч', '1968-03-03'),
(63, 'Макар', 'Полтавець', 'okseniiadeineko@i.ua', '+38 049 993 90 22', 'sEXon1rB&1', 'Ч', '2002-09-11'),
(64, 'Орхип', 'Забарний', 'alevtyn30@samoilenko.ua', '636 50 34', 'F8YLmra8_f', 'Ч', '1996-05-25'),
(65, 'Роксолана', 'Захаренко', 'stusihor@chaban-karas.ua', '+38 (010) 878-25-41', '@YOlK(S$q8', 'Ж', '1967-06-20'),
(66, 'Феофан', 'Адаменко', 'wdemianenko@prymachenko.укр', '+38 073 265-48-54', '&kU6Z8Fsqv', 'Ч', '2001-07-20'),
(67, 'Христина', 'Євдокименко', 'bavdieienko@i.ua', '+38 (055) 544-90-67', '$BCsVQ%^43', 'Ж', '1973-07-17'),
(68, 'Єфрем', 'Баран', 'aadamchuk@artemenko.info', '+38 060 738-77-55', 'RkBzUtlf&9', 'Ч', '1986-03-27'),
(69, 'Олесь', 'Петлюра', 'jdeineko@hrechko.info', '048 536-32-75', 'M251WDcd(1', 'Ч', '1973-06-23'),
(70, 'Назар', 'Забіла', 'tymofiishukhevych@shvaika.info', '011 618 25 17', '7b7WI2sQ%F', 'Ч', '1961-02-13'),
(71, 'Єлисавета', 'Кармалюк', 'chernenkoalevtyn@meta.ua', '+38 (057) 244-51-45', 'm4VHloB0(S', 'Ж', '1984-03-05'),
(72, 'Вікторія', 'Стельмах', 'ebaranets@korsun-davydenko.info', '094 081-89-93', 'b4kS*t)S*i', 'Ж', '1973-09-27'),
(73, 'Вікторія', 'Архипенко', 'matiashadam@yeroshenko-lytvynenko.net', '+38 070 280 88 23', '&l&Qx@@y6@', 'Ж', '1982-10-23'),
(74, 'Орина', 'Артеменко', 'yvovk@meta.ua', '+38 036 829-32-26', 'I)z0cGQr+L', 'Ж', '2000-06-29'),
(75, 'Ігнат', 'Шаблій', 'oksanaiemets@email.ua', '+38 088 611 69 67', 'D2JsGwRd+p', 'Ч', '1968-03-27'),
(76, 'Панас', 'Комар', 'orestarsenych@ilchenko-pushkar.net', '+38 (089) 171-69-61', 'r&9@HkV)g%', 'Ч', '1974-04-30'),
(77, 'Пармен', 'Голик', 'uzaichenko@haidai-turkalo.net', '054 49 22', '7*tB07Gpxv', 'Ч', '2005-02-06'),
(78, 'Спас', 'Туркало', 'bebeshkomykhailyna@shovkoplias.info', '064 407 09 60', 'O017Zioh%U', 'Ч', '1994-11-14'),
(79, 'Аліна', 'Гаврилець', 'iatamanchuk@email.ua', '001 363 78 74', 'w$h+1NAzF6', 'Ж', '1965-10-11'),
(80, 'Вʼячеслав', 'Василашко', 'zynovii64@tsiutsiura-dzyndra.net', '+38 082 140 19 58', ')M9Uch3&i*', 'Ч', '1961-10-15'),
(81, 'Валентин', 'Яценюк', 'ztkachenko@gov.ua', '049 710-66-10', 'u(c7IFky7u', 'Ч', '2004-12-30'),
(82, 'Давид', 'Бабко', 'lvovk@chekaliuk.ua', '+38 046 437 33 45', '0tW(GRBp@5', 'Ч', '1964-06-16'),
(83, 'Софія', 'Філіпенко', 'ptsymbal@kolodub.укр', '+38 055 989-97-19', '$r&ZK)+o07', 'Ж', '1972-01-10'),
(84, 'Георгій', 'Бараник', 'zartiushenko@talan-ishchenko.info', '013 588-07-64', '5_0TfrO@5e', 'Ч', '2001-12-11'),
(85, 'Тарас', 'Бабійчук', 'onishchukviktor@demianchuk-ustenko.info', '004 050-81-89', '(24OQuf+fH', 'Ч', '1980-02-29'),
(86, 'Валентина', 'Притула', 'ydubas@ukr.net', '+38 061 634-78-90', 'J456S*Fq@i', 'Ж', '1989-05-04'),
(87, 'Ольга', 'Ващенко', 'martyn96@gmail.com', '015 941 87 46', 'MfV0ACKqH_', 'Ж', '1964-11-04'),
(88, 'Ярема', 'Бабій', 'rostyslav92@tarasenko-nikoliuk.info', '+38 042 937 82 60', '_0B^mPJdbD', 'Ч', '1980-08-16'),
(89, 'Варвара', 'Рябченко', 'sperebyinis@ukr.net', '019 323 90 87', '_5ONms5Y9k', 'Ж', '1983-03-14'),
(90, 'Леопольд', 'Девдюк', 'trudyk@bezborodko.ua', '042 184 07 54', 'h))sz7Bog9', 'Ч', '1978-07-27'),
(91, 'Захар', 'Венгринович', 'azardemianchuk@isaievych-vivcharenko.com', '820-48-10', 'wj_0PrTwoo', 'Ч', '1977-10-19'),
(92, 'Захар', 'Абрамчук', 'uvlokh@email.ua', '949-64-07', '3cK^n2ji#6', 'Ч', '1976-01-05'),
(93, 'Орися', 'Даниленко', 'adamlukash@zatula.com', '+38 016 381-96-10', 'LGF*RftP_3', 'Ж', '2005-03-06'),
(94, 'Ігор', 'Дейсун', 'rbezditko@hrechko.укр', '+38 089 103-53-79', '*4UKQiq_(^', 'Ч', '1982-10-14'),
(95, 'Алевтин', 'Макогон', 'ovcharenkosviatoslav@zakusylo.укр', '+38 022 402 76 60', '%q4_T57rP&', 'Ч', '1968-06-15'),
(96, 'Аніта', 'Дутка', 'vasylisaienko@gmail.com', '950-03-81', '5yZ$XklM$t', 'Ж', '1971-09-12'),
(97, 'Руслан', 'Артеменко', 'mtkach@babiichuk-yatseniuk.ua', '+38 026 236-90-05', '&07F0oO(Dh', 'Ч', '1984-09-11'),
(98, 'Богданна', 'Тригуб', 'iefrem27@email.ua', '+38 023 322-10-39', 'CtSb!GA&!5', 'Ж', '1986-06-22'),
(99, 'Богуслава', 'Запорожець', 'riaboshapkaiarema@ukr.net', '+38 084 193-44-91', 'L_c9ArP^Ge', 'Ж', '1960-04-17'),
(100, 'Людмила', 'Рябовіл', 'geregaviktor@kabaliuk.укр', '+38 078 284 17 13', 'N#vT5(+iMB', 'Ж', '2006-11-09');









INSERT INTO schedule (sch_id, hall_id, show_date, show_time, admin_id, m_id) VALUES
-- 2025-05-06
(1, 1, '2025-05-06', '12:00:00', 1, 1), -- тут перший сеанс в першому холі
(2, 2, '2025-05-06', '15:00:00', 2, 2), -- готово
(3, 3, '2025-05-06', '18:00:00', 1, 3), -- готово
(4, 4, '2025-05-06', '21:00:00', 2, 4), -- готово

-- 2025-05-07
(5, 1, '2025-05-07', '12:00:00', 2, 5), -- готово 
(6, 2, '2025-05-07', '15:00:00', 1, 6), -- готово
(7, 3, '2025-05-07', '18:00:00', 2, 7), -- готово
(8, 4, '2025-05-07', '21:00:00', 1, 8), -- готово

-- 2025-05-08
(9, 1, '2025-05-08', '12:00:00', 1, 9), -- готово
(10, 2, '2025-05-08', '15:00:00', 2, 10), -- готово
(11, 3, '2025-05-08', '18:00:00', 1, 1), -- готово
(12, 4, '2025-05-08', '21:00:00', 2, 2), -- готово 

-- 2025-05-09
(13, 1, '2025-05-09', '12:00:00', 2, 3), -- готово
(14, 2, '2025-05-09', '15:00:00', 1, 4), -- готово
(15, 3, '2025-05-09', '18:00:00', 2, 5), -- готово 
(16, 4, '2025-05-09', '21:00:00', 1, 6), -- готово 

-- 2025-05-10
(17, 1, '2025-05-10', '12:00:00', 1, 7), -- готово
(18, 2, '2025-05-10', '15:00:00', 2, 8), -- готово 
(19, 3, '2025-05-10', '18:00:00', 1, 9), -- готово 
(20, 4, '2025-05-10', '21:00:00', 2, 10), -- готово 

-- 2025-05-11
(21, 1, '2025-05-11', '12:00:00', 2, 1), -- готово
(22, 2, '2025-05-11', '15:00:00', 1, 2), -- готово
(23, 3, '2025-05-11', '18:00:00', 2, 3), -- готово
(24, 4, '2025-05-11', '21:00:00', 1, 4), -- готово

-- 2025-05-12
(25, 1, '2025-05-12', '12:00:00', 1, 5), -- готово
(26, 2, '2025-05-12', '15:00:00', 2, 6), -- готово 
(27, 3, '2025-05-12', '18:00:00', 1, 7), -- готово
(28, 4, '2025-05-12', '21:00:00', 2, 8); -- готово



INSERT INTO transaction (tr_id, u_id, payment_date, payment_status, total_price) VALUES

(1, 5, '2025-04-01', 'booked', 200),                 -- 1 VIP
(2, 12, '2025-04-02', 'canceled', 100),              -- 1 Standard
(3, 45, '2025-04-02', 'booked', 180),                -- 1 Standard + 1 Inclusive
(4, 78, '2025-04-03', 'booked', 300),                -- 3 Standard
(5, 19, '2025-04-03', 'booked', 400),                -- 2 VIP
(6, 3, '2025-04-04', 'canceled', 80),                -- 1 Inclusive
(7, 99, '2025-04-04', 'booked', 280),                -- 2 Inclusive + 1 Standard
(8, 34, '2025-04-05', 'booked', 200),                -- 1 VIP
(9, 27, '2025-04-05', 'canceled', 100),              -- 1 Standard
(10, 60, '2025-04-06', 'booked', 380),               -- 1 VIP + 1 Inclusive + 1 Standard
(11, 17, '2025-04-06', 'booked', 200),               -- 1 VIP
(12, 11, '2025-04-07', 'booked', 300),               -- 3 Standard
(13, 83, '2025-04-07', 'booked', 160),               -- 2 Inclusive
(14, 42, '2025-04-08', 'canceled', 100),             -- 1 Standard
(15, 88, '2025-04-08', 'booked', 480),               -- 2 VIP + 1 Inclusive
(16, 24, '2025-04-09', 'booked', 200),               -- 1 VIP

(17, 65, '2025-04-09', 'booked', 180),               -- 2 Inclusive + 1 Standard
(18, 91, '2025-04-10', 'booked', 160),               -- 2 Inclusive
(19, 36, '2025-04-10', 'canceled', 300),             -- 3 Standard
(20, 77, '2025-04-11', 'booked', 300),               -- 1 VIP + 1 Standard + 1 Inclusive
(21, 18, '2025-04-11', 'booked', 100),               -- 1 Standard
(22, 54, '2025-04-12', 'canceled', 80),              -- 1 Inclusive
(23, 2, '2025-04-12', 'booked', 400),                -- 2 VIP
(24, 49, '2025-04-13', 'booked', 180),               -- 1 Standard + 1 Inclusive
(25, 6, '2025-04-13', 'booked', 200),                -- 1 VIP
(26, 93, '2025-04-14', 'booked', 380),               -- 1 VIP + 1 Standard + 1 Inclusive



(27, 20, '2025-04-14', 'booked', 100),               -- 1 Standard
(28, 7, '2025-04-15', 'canceled', 300),              -- 3 Standard
(29, 38, '2025-04-15', 'booked', 400),               -- 2 VIP
(30, 90, '2025-04-16', 'booked', 160),              -- 2 Inclusive
(31, 10, '2025-04-16', 'booked', 300),              -- 3 Standard
(32, 46, '2025-04-17', 'booked', 400),              -- 2 VIP
(33, 67, '2025-04-17', 'canceled', 100),            -- 1 Standard
(34, 81, '2025-04-18', 'booked', 280),              -- 1 VIP + 1 Inclusive
(35, 25, '2025-04-18', 'booked', 200),              -- 1 VIP
(36, 59, '2025-04-19', 'booked', 300),              -- 3 Standard

(37, 70, '2025-04-19', 'booked', 180),              -- 1 Standard + 1 Inclusive
(38, 33, '2025-04-20', 'booked', 160),              -- 2 Inclusive
(39, 84, '2025-04-20', 'canceled', 200),            -- 1 VIP
(40, 14, '2025-04-21', 'booked', 300),              -- 3 Standard
(41, 26, '2025-04-21', 'booked', 100),              -- 1 Standard
(42, 75, '2025-04-22', 'booked', 380),              -- 1 VIP + 1 Standard + 1 Inclusive
(43, 21, '2025-04-22', 'booked', 200),              -- 1 VIP
(44, 87, '2025-04-23', 'booked', 160),              -- 2 Inclusive
(45, 37, '2025-04-23', 'booked', 300),              -- 3 Standard
(46, 68, '2025-04-24', 'canceled', 80),             -- 1 Inclusive
(47, 4, '2025-04-24', 'booked', 180),               -- 1 Standard + 1 Inclusive
(48, 16, '2025-04-25', 'booked', 400),              -- 2 VIP

(49, 95, '2025-04-25', 'booked', 100),              -- 1 Standard
(50, 73, '2025-04-26', 'booked', 280),              -- 1 VIP + 1 Inclusive
(51, 62, '2025-04-26', 'booked', 300),              -- 3 Standard
(52, 13, '2025-04-27', 'canceled', 200),            -- 1 VIP
(53, 31, '2025-04-27', 'booked', 160),              -- 2 Inclusive
(54, 55, '2025-04-28', 'booked', 400),              -- 2 VIP
(55, 97, '2025-04-28', 'booked', 100),              -- 1 Standard
(56, 1, '2025-04-29', 'booked', 180),               -- 1 Standard + 1 Inclusive
(57, 50, '2025-04-29', 'canceled', 300),            -- 3 Standard
(58, 6, '2025-04-30', 'booked', 200),               -- 1 VIP
(59, 22, '2025-04-30', 'booked', 380),              -- 1 VIP + 1 Standard + 1 Inclusive

(60, 39, '2025-05-01', 'booked', 160),            -- 2 Inclusive
(61, 36, '2025-05-01', 'booked', 300),              -- 3 Standard
(62, 28, '2025-05-02', 'booked', 200),              -- 1 VIP
(63, 60, '2025-05-02', 'canceled', 400),            -- 2 VIP
(64, 91, '2025-05-03', 'booked', 160),              -- 2 Inclusive
(65, 3, '2025-05-03', 'booked', 300),               -- 3 Standard
(66, 88, '2025-05-04', 'booked', 180),              -- 1 Standard + 1 Inclusive
(67, 48, '2025-05-04', 'booked', 280),              -- 1 VIP + 1 Inclusive
(68, 100, '2025-05-05', 'booked', 300),             -- 3 Standard
(69, 42, '2025-05-05', 'booked', 200),              -- 1 VIP
(70, 74, '2025-05-06', 'booked', 160),              -- 2 Inclusive

(71, 29, '2025-05-06', 'booked', 380),              -- 1 VIP + 1 Standard + 1 Inclusive
(72, 17, '2025-05-07', 'booked', 100),              -- 1 Standard
(73, 7, '2025-05-07', 'canceled', 200),             -- 1 VIP
(74, 40, '2025-05-08', 'booked', 300),              -- 3 Standard
(75, 69, '2025-05-08', 'booked', 200),              -- 1 VIP
(76, 34, '2025-05-09', 'booked', 180),              -- 1 Standard + 1 Inclusive
(77, 86, '2025-05-09', 'booked', 160),              -- 2 Inclusive
(78, 11, '2025-05-10', 'booked', 300),              -- 3 Standard
(79, 24, '2025-05-10', 'booked', 200),              -- 1 VIP
(80, 65, '2025-05-11', 'canceled', 300),            -- 3 Standard
(81, 19, '2025-05-11', 'booked', 160),              -- 2 Inclusive

(82, 56, '2025-05-12', 'booked', 400),              -- 2 VIP
(83, 77, '2025-05-12', 'booked', 100),              -- 1 Standard
(84, 99, '2025-05-13', 'booked', 380),              -- 1 VIP + 1 Standard + 1 Inclusive
(85, 58, '2025-05-13', 'booked', 200),              -- 1 VIP
(86, 35, '2025-05-14', 'booked', 300),              -- 3 Standard
(87, 15, '2025-05-14', 'booked', 80),               -- 1 Inclusive
(88, 92, '2025-05-15', 'booked', 180),              -- 1 Standard + 1 Inclusive
(89, 64, '2025-05-15', 'canceled', 280),            -- 1 VIP + 1 Inclusive
(90, 45, '2025-05-16', 'booked', 200),              -- 1 VIP
(91, 10, '2025-05-16', 'booked', 160),              -- 2 Inclusive
(92, 87, '2025-05-17', 'booked', 200),              -- 1 VIP
(93, 26, '2025-05-17', 'booked', 300),              -- 3 Standard

(94, 21, '2025-05-18', 'booked', 180),              -- 1 Standard + 1 Inclusive
(95, 43, '2025-05-18', 'canceled', 400),            -- 2 VIP
(96, 32, '2025-05-19', 'booked', 300),              -- 3 Standard
(97, 59, '2025-05-19', 'booked', 100),              -- 1 Standard
(98, 6, '2025-05-20', 'booked', 380),               -- 1 VIP + 1 Standard + 1 Inclusive
(99, 73, '2025-05-20', 'booked', 200),              -- 1 VIP
(100, 90, '2025-05-21', 'booked', 300),             -- 3 Standard
(101, 12, '2025-05-21', 'booked', 80),              -- 1 Inclusive
(102, 66, '2025-05-22', 'canceled', 300),           -- 3 Standard
(103, 38, '2025-05-22', 'booked', 160),             -- 2 Inclusive
(104, 85, '2025-05-23', 'booked', 200),             -- 1 VIP

(105, 23, '2025-05-23', 'booked', 180),             -- 1 Standard + 1 Inclusive
(106, 70, '2025-05-24', 'booked', 300),             -- 3 Standard
(107, 97, '2025-05-24', 'booked', 200),             -- 1 VIP
(108, 18, '2025-05-25', 'booked', 380),             -- 1 VIP + 1 Standard + 1 Inclusive
(109, 13, '2025-05-25', 'booked', 300),             -- 3 Standard
(110, 49, '2025-05-26', 'booked', 160),             -- 2 Inclusive
(111, 16, '2025-05-26', 'canceled', 180),           -- 1 Standard + 1 Inclusive
(112, 84, '2025-05-27', 'booked', 200),             -- 1 VIP
(113, 94, '2025-05-27', 'booked', 300),             -- 3 Standard
(114, 25, '2025-05-28', 'booked', 280),             -- 1 VIP + 1 Inclusive

(115, 54, '2025-05-28', 'booked', 180),             -- 1 Standard + 1 Inclusive
(116, 9, '2025-05-29', 'booked', 300),              -- 3 Standard
(117, 37, '2025-05-29', 'booked', 160),             -- 2 Inclusive
(118, 61, '2025-05-30', 'canceled', 200),           -- 1 VIP
(119, 89, '2025-05-30', 'booked', 100),             -- 1 Standard
(120, 1, '2025-05-31', 'booked', 180),              -- 1 Standard + 1 Inclusive
(121, 63, '2025-06-01', 'booked', 300),             -- 3 Standard
(122, 27, '2025-06-01', 'booked', 160),             -- 2 Inclusive
(123, 100, '2025-06-02', 'booked', 400),            -- 2 VIP
(124, 31, '2025-06-02', 'booked', 300),             -- 3 Standard
(125, 5, '2025-06-03', 'canceled', 180),            -- 1 Standard + 1 Inclusive

(126, 79, '2025-06-03', 'booked', 200),             -- 1 VIP
(127, 57, '2025-06-04', 'booked', 100),             -- 1 Standard
(128, 17, '2025-06-04', 'booked', 300),             -- 3 Standard
(129, 67, '2025-06-05', 'booked', 380),             -- 1 VIP + 1 Standard + 1 Inclusive
(130, 8, '2025-06-05', 'booked', 160),              -- 2 Inclusive
(131, 44, '2025-06-06', 'booked', 300),             -- 3 Standard
(132, 19, '2025-06-06', 'canceled', 200),           -- 1 VIP
(133, 75, '2025-06-07', 'booked', 280),             -- 1 VIP + 1 Inclusive
(134, 34, '2025-06-07', 'booked', 180),             -- 1 Standard + 1 Inclusive
(135, 11, '2025-06-08', 'booked', 300),             -- 3 Standard
(136, 99, '2025-06-08', 'booked', 200),             -- 1 VIP


(137, 29, '2025-06-09', 'booked', 180),             -- 1 Standard + 1 Inclusive
(138, 41, '2025-06-09', 'booked', 160),             -- 2 Inclusive
(139, 60, '2025-06-10', 'booked', 100),             -- 1 Standard
(140, 96, '2025-06-10', 'booked', 300),             -- 3 Standard
(141, 46, '2025-06-11', 'booked', 400),             -- 2 VIP
(142, 30, '2025-06-11', 'canceled', 300),           -- 3 Standard
(143, 52, '2025-06-12', 'booked', 380),             -- 1 VIP + 1 Standard + 1 Inclusive

(144, 91, '2025-06-12', 'booked', 300),             -- 3 Standard
(145, 80, '2025-06-13', 'booked', 100),             -- 1 Standard
(146, 62, '2025-06-13', 'booked', 180),             -- 1 Standard + 1 Inclusive
(147, 74, '2025-06-14', 'booked', 280),             -- 1 VIP + 1 Inclusive
(148, 26, '2025-06-14', 'booked', 160),             -- 2 Inclusive
(149, 92, '2025-06-15', 'booked', 300),             -- 3 Standard
(150, 20, '2025-06-15', 'booked', 200),            -- 1 VIP

(151, 4, '2025-06-16', 'booked', 300),              -- 3 Standard
(152, 36, '2025-06-16', 'booked', 100),             -- 1 Standard
(153, 14, '2025-06-17', 'canceled', 160),           -- 2 Inclusive
(154, 87, '2025-06-17', 'booked', 400),             -- 2 VIP
(155, 66, '2025-06-18', 'booked', 300),             -- 3 Standard
(156, 10, '2025-06-18', 'booked', 280),             -- 1 VIP + 1 Inclusive
(157, 25, '2025-06-19', 'booked', 300),             -- 3 Standard

(158, 43, '2025-06-19', 'booked', 180),             -- 1 Standard + 1 Inclusive
(159, 93, '2025-06-20', 'booked', 160),             -- 2 Inclusive
(160, 55, '2025-06-20', 'canceled', 300),           -- 3 Standard
(161, 84, '2025-06-21', 'booked', 200),             -- 1 VIP
(162, 39, '2025-06-21', 'booked', 380),             -- 1 VIP + 1 Standard + 1 Inclusive
(163, 98, '2025-06-22', 'booked', 300),             -- 3 Standard
(164, 15, '2025-06-22', 'booked', 180),             -- 1 Standard + 1 Inclusive
(165, 58, '2025-06-23', 'booked', 400),             -- 2 VIP

(166, 71, '2025-06-23', 'booked', 160),             -- 2 Inclusive
(167, 88, '2025-06-24', 'booked', 300),             -- 3 Standard
(168, 38, '2025-06-24', 'booked', 280),             -- 1 VIP + 1 Inclusive
(169, 13, '2025-06-25', 'booked', 200),             -- 1 VIP
(170, 2, '2025-06-25', 'canceled', 180),            -- 1 Standard + 1 Inclusive
(171, 65, '2025-06-26', 'booked', 100),             -- 1 Standard

(172, 40, '2025-06-26', 'booked', 300),             -- 3 Standard
(173, 21, '2025-06-27', 'booked', 200),             -- 1 VIP
(174, 69, '2025-06-27', 'booked', 300),             -- 3 Standard
(175, 61, '2025-06-28', 'booked', 280),             -- 1 VIP + 1 Inclusive
(176, 85, '2025-06-28', 'booked', 160),             -- 2 Inclusive
(177, 1, '2025-06-29', 'booked', 300),              -- 3 Standard
(178, 70, '2025-06-29', 'booked', 400),             -- 2 VIP
(179, 6, '2025-06-30', 'booked', 100),              -- 1 Standard

(180, 18, '2025-06-30', 'booked', 160),            -- 2 Inclusive
(181, 3, '2025-07-01', 'booked', 300),              -- 3 Standard
(182, 97, '2025-07-01', 'booked', 180),             -- 1 Standard + 1 Inclusive
(183, 41, '2025-07-02', 'booked', 400),             -- 2 VIP
(184, 31, '2025-07-02', 'booked', 300),             -- 3 Standard
(185, 22, '2025-07-03', 'booked', 200),             -- 1  vip

(186, 90, '2025-07-03', 'canceled', 160),           -- 2 Inclusive
(187, 77, '2025-07-04', 'booked', 100),             -- 1 Standard
(188, 48, '2025-07-04', 'booked', 300),             -- 3 Standard
(189, 95, '2025-07-05', 'booked', 280),             -- 1 VIP + 1 Inclusive
(190, 19, '2025-07-05', 'booked', 200),             -- 1 VIP
(191, 74, '2025-07-06', 'booked', 160),             -- 2 Inclusive
(192, 29, '2025-07-06', 'booked', 300),             -- 3 Standard

(193, 68, '2025-07-07', 'booked', 180),             -- 1 Standard + 1 Inclusive
(194, 52, '2025-07-07', 'booked', 400),             -- 2 VIP
(195, 24, '2025-07-08', 'booked', 100),             -- 1 Standard
(196, 56, '2025-07-08', 'booked', 300),             -- 3 Standard
(197, 80, '2025-07-09', 'booked', 200),             -- 1 VIP
(198, 91, '2025-07-09', 'booked', 160),             -- 2 Inclusive

(199, 30, '2025-07-10', 'booked', 300),             -- 3 Standard
(200, 9, '2025-07-10', 'booked', 280),             -- 1 VIP + 1 Inclusive
(201, 12, '2025-07-11', 'booked', 100),            -- 1 Standard
(202, 28, '2025-07-11', 'canceled', 200),          -- 1 VIP
(203, 47, '2025-07-12', 'booked', 300),            -- 3 Standard
(204, 39, '2025-07-12', 'booked', 180),            -- 1 Standard + 1 Inclusive

(205, 88, '2025-07-13', 'booked', 400),            -- 2 VIP
(206, 71, '2025-07-13', 'booked', 160),            -- 2 Inclusive
(207, 53, '2025-07-14', 'booked', 280),            -- 1 VIP + 1 Inclusive
(208, 66, '2025-07-14', 'canceled', 300),          -- 3 Standard
(209, 13, '2025-07-15', 'booked', 200),            -- 1 VIP
(210, 82, '2025-07-15', 'booked', 100),            -- 1 Standard
(211, 91, '2025-07-16', 'booked', 300),            -- 3 Standard
(212, 35, '2025-07-16', 'booked', 180),            -- 1 Standard + 1 Inclusive

(213, 49, '2025-07-17', 'booked', 400),            -- 2 VIP
(214, 77, '2025-07-17', 'booked', 200),            -- 1 VIP
(215, 16, '2025-07-18', 'canceled', 160),          -- 2 Inclusive
(216, 61, '2025-07-18', 'booked', 280),            -- 1 VIP + 1 Inclusive
(217, 93, '2025-07-19', 'booked', 300),            -- 3 Standard
(218, 27, '2025-07-19', 'booked', 100),            -- 1 Standard

(219, 85, '2025-07-20', 'booked', 300),            -- 3 Standard
(220, 7,  '2025-07-20', 'booked', 200),            -- 1 VIP
(221, 58, '2025-07-21', 'booked', 180),            -- 1 Standard + 1 Inclusive
(222, 99, '2025-07-21', 'canceled', 400),          -- 2 VIP
(223, 43, '2025-07-22', 'booked', 160),            -- 2 Inclusive

(224, 18, '2025-07-22', 'booked', 280),            -- 1 VIP + 1 Inclusive
(225, 30, '2025-07-23', 'booked', 100),            -- 1 Standard
(226, 62, '2025-07-23', 'booked', 300),            -- 3 Standard
(227, 96, '2025-07-24', 'booked', 400),            -- 2 VIP
(228, 20, '2025-07-24', 'booked', 200),            -- 1 VIP
(229, 2,  '2025-07-25', 'booked', 160),            -- 2 Inclusive
(230, 36, '2025-07-25', 'booked', 300),            -- 3 Standard

(231, 73, '2025-07-26', 'booked', 180),            -- 1 Standard + 1 Inclusive
(232, 51, '2025-07-26', 'canceled', 400),          -- 2 VIP
(233, 15, '2025-07-27', 'booked', 280),            -- 1 VIP + 1 Inclusive
(234, 40, '2025-07-27', 'booked', 300),            -- 3 Standard
(235, 5,  '2025-07-28', 'booked', 200),            -- 1 VIP
(236, 79, '2025-07-28', 'booked', 100),            -- 1 Standard

(237, 59, '2025-07-29', 'booked', 300),            -- 3 Standard
(238, 100,'2025-07-29', 'booked', 180),            -- 1 Standard + 1 Inclusive
(239, 34, '2025-07-30', 'booked', 400),            -- 2 VIP
(240, 10, '2025-07-30', 'booked', 160),            -- 2 Inclusive
(241, 25, '2025-07-31', 'booked', 280);            -- 1 VIP + 1 Inclusive




INSERT INTO tickets (ticket_id, tr_id, place_id, sch_id) values
-- квитки на перший сеанс 
-- 2025-05-06
(1, 1, 1, 1),
(2, 2, 17, 1),
(3, 3, 30, 1),
(4, 3, 31, 1),
(5, 4, 27, 1),
(6, 4, 28, 1),
(7, 4, 29, 1),
(8, 5, 9, 1),
(9, 5, 10, 1),
(10, 6, 40, 1),
(11, 7, 33, 1),
(12, 7, 32, 1), 
(13, 7, 25, 1),
(14, 8, 8, 1),
(15, 9, 15, 1),
(16, 10, 4, 1),
(17, 10, 37, 1),
(18, 10, 23, 1),
(19, 11, 7, 1),
(20, 12, 11, 1),
(21, 12, 12, 1),
(22, 12, 13, 1),
(23, 13, 35, 1),
(24, 13, 36, 1),
(25, 14, 16, 1),
(26, 15, 6, 1),
(27, 15, 5, 1),
(28, 15, 34, 1),
(29, 16, 4, 1),
 
 -- квитки на другий сеанс
 -- 2025-05-06
(30, 17, 80, 2),
(31, 17, 79, 2),
(32, 17, 54, 2),
(33, 18, 48, 2),
(34, 18, 77, 2),
(35, 19, 52, 2),
(36, 19, 53, 2),
(37, 19, 54, 2),
(38, 20, 41, 2),
(39, 20, 55, 2),
(40, 20, 46, 2),
(41, 21, 56, 2),
(42, 22, 75, 2),
(43, 23, 42, 2),
(44, 23, 43, 2),
(45, 24, 57, 2),
(46, 24, 74, 2),
(47, 25, 44, 2),
(48, 26, 45, 2),
(49, 26, 58, 2),
(50, 26, 73, 2),

 -- квитки на третій сеанс
 -- 2025-05-06
(51, 27, 91, 3),
(52, 28, 92, 3),
(53, 28, 93, 3),
(54, 28, 94, 3),
(55, 29, 81, 3),
(56, 29, 82, 3),
(57, 30, 120, 3),
(58, 30, 119, 3),
(59, 31, 95, 3),
(60, 31, 96, 3),
(61, 31, 97, 3),
(62, 32, 83, 3),
(63, 32, 84, 3),
(64, 33, 98, 3),
(65, 34, 85, 3),
(66, 34, 118, 3),
(67, 35, 86, 3),
(68, 36, 99, 3),
(69, 36, 100, 3),
(70, 36, 101, 3),

 -- квитки на четвертий сеанс
 -- 2025-05-06
 (71, 37, 131, 4),
(72, 37, 151, 4),
(73, 38, 152, 4),
(74, 38, 153, 4),
(75, 39, 121, 4),
(76, 40, 132, 4),
(77, 40, 133, 4),
(78, 40, 134, 4),
(79, 41, 135, 4),
(80, 42, 125, 4),
(81, 42, 136, 4),
(82, 42, 154, 4),
(83, 43, 122, 4),
(84, 44, 155, 4),
(85, 44, 156, 4),
(86, 45, 137, 4),
(87, 45, 138, 4),
(88, 45, 139, 4),
(89, 46, 157, 4),
(90, 47, 140, 4),
(91, 47, 158, 4),
(92, 48, 123, 4),
(93, 48, 124, 4),



-- квитки на перший сеанс 
-- 2025-05-07
(94, 49, 11, 5),
(95, 50, 31, 5),
(96, 50, 1, 5),
(97, 51, 12, 5),
(98, 51, 13, 5),
(99, 51, 14, 5),
(100, 52, 2, 5),
(101, 53, 32, 5),
(102, 53, 33, 5),
(103, 54, 3, 5),
(104, 54, 4, 5),
(105, 55, 15, 5),
(106, 56, 16, 5),
(107, 56, 34, 5),
(108, 57, 17, 5),
(109, 57, 18, 5),
(110, 57, 19, 5),
(111, 58, 5, 5),
(112, 59, 6, 5),
(113, 59, 20, 5),
(114, 59, 35, 5),

-- квитки на другий сеанс 
-- 2025-05-07

(115, 60, 71, 6),
(116, 60, 72, 6),
(117, 61, 51, 6),
(118, 61, 52, 6),
(119, 61, 53, 6),
(120, 62, 41, 6),
(121, 63, 42, 6),
(122, 63, 43, 6),
(123, 64, 73, 6),
(124, 64, 74, 6),
(125, 65, 54, 6),
(126, 65, 55, 6),
(127, 65, 56, 6),
(128, 66, 57, 6),
(129, 66, 75, 6),
(130, 68, 58, 6),
(131, 68, 59, 6),
(132, 68, 60, 6),
(133, 69, 44, 6),
(134, 70, 76, 6),
(135, 70, 77, 6),

-- квитки на третій сеанс 
-- 2025-05-07

(136, 71, 81, 7),
(137, 71, 91, 7),
(138, 71, 111, 7),
(139, 72, 92, 7),
(140, 73, 82, 7),
(141, 74, 93, 7),
(142, 74, 94, 7),
(143, 74, 95, 7),
(144, 75, 83, 7),
(145, 76, 96, 7),
(146, 76, 112, 7),
(147, 77, 113, 7),
(148, 77, 114, 7),
(149, 78, 97, 7),
(150, 78, 98, 7),
(151, 78, 99, 7),
(152, 79, 84, 7),
(153, 80, 100, 7),
(154, 80, 101, 7),
(155, 80, 102, 7),
(156, 81, 115, 7),
(157, 81, 116, 7),

-- квитки на четвертий сеанс 
-- 2025-05-07

(158, 82, 121, 8),
(159, 82, 122, 8),
(160, 83, 131, 8),
(161, 84, 123, 8),
(162, 84, 132, 8),
(163, 84, 151, 8),
(164, 85, 124, 8),
(165, 86, 133, 8),
(166, 86, 134, 8),
(167, 86, 135, 8),
(168, 87, 152, 8),
(169, 88, 136, 8),
(170, 88, 153, 8),
(171, 89, 125, 8),
(172, 89, 154, 8),
(173, 90, 126, 8),
(174, 91, 155, 8),
(175, 91, 156, 8),
(176, 92, 127, 8),
(177, 93, 137, 8),
(178, 93, 138, 8),
(179, 93, 139, 8),


-- квитки на перший сеанс 
-- 2025-05-08
(180, 94, 11, 9),
(181, 94, 31, 9),
(182, 95, 10, 9),
(183, 95, 9, 9),
(184, 96, 12, 9),
(185, 96, 13, 9),
(186, 96, 14, 9),
(187, 97, 15, 9),
(188, 98, 8, 9),
(189, 98, 16, 9),
(190, 98, 32, 9),
(191, 99, 7, 9),
(192, 100, 17, 9),
(193, 100, 18, 9),
(194, 100, 19, 9),
(195, 101, 33, 9),
(196, 102, 20, 9),
(197, 102, 21, 9),
(198, 102, 22, 9),
(199, 103, 34, 9),
(200, 103, 35, 9),
(201, 104, 6, 9),


-- квитки на другий сеанс 
-- 2025-05-08

(203, 105, 51, 10),
(204, 105, 76, 10),
(205, 106, 52, 10),
(206, 106, 53, 10),
(207, 106, 54, 10),
(208, 107, 41, 10),
(209, 108, 42, 10),
(210, 108, 55, 10),
(211, 108, 71, 10),
(212, 109, 56, 10),
(213, 109, 57, 10),
(214, 109, 58, 10),
(215, 110, 72, 10),
(216, 110, 73, 10),
(217, 111, 59, 10),
(218, 111, 74, 10),
(219, 112, 43, 10),
(220, 113, 60, 10),
(221, 113, 61, 10),
(222, 113, 62, 10),
(223, 114, 63, 10),
(224, 114, 75, 10),

-- квитки на третій сеанс 
-- 2025-05-08

(225, 115, 91, 11),
(226, 115, 111, 11),
(227, 116, 92, 11),
(228, 116, 93, 11),
(229, 116, 94, 11),
(230, 117, 112, 11),
(231, 117, 113, 11),
(232, 118, 81, 11),
(234, 119, 95, 11),
(235, 120, 96, 11),
(236, 120, 114, 11),
(237, 121, 97, 11),
(238, 121, 98, 11),
(239, 121, 99, 11),
(240, 122, 115, 11),
(241, 122, 116, 11),
(242, 123, 82, 11),
(243, 123, 83, 11),
(244, 124, 100, 11),
(245, 124, 101, 11),
(246, 124, 102, 11),
(247, 125, 103, 11),
(248, 125, 117, 11), 

-- квитки на четвертий сеанс 
-- 2025-05-08

(249, 126, 121, 12),
(250, 127, 131, 12),
(251, 128, 132, 12),
(252, 128, 133, 12),
(253, 128, 134, 12),
(254, 129, 122, 12),
(255, 129, 135, 12),
(256, 129, 151, 12),
(257, 130, 136, 12),
(258, 130, 137, 12),
(259, 131, 138, 12),
(260, 131, 139, 12),
(261, 131, 140, 12),
(262, 132, 123, 12),
(263, 133, 124, 12),
(264, 132, 152, 12),
(265, 134, 141, 12),
(266, 134, 153, 12),
(267, 135, 142, 12),
(268, 135, 143, 12),
(269, 135, 144, 12),
(270, 136, 125, 12),

-- квитки на перший сеанс 
-- 2025-05-09

(271, 137, 11, 13),
(272, 137, 31, 13),
(273, 138, 32, 13),
(274, 138, 33, 13),
(275, 139, 12, 13),
(276, 140, 13, 13),
(277, 140, 14, 13),
(278, 140, 15, 13),
(279, 141, 1, 13),
(280, 141, 2, 13),
(281, 142, 16, 13),
(282, 142, 17, 13),
(283, 142, 18, 13),
(284, 143, 3, 13),
(285, 143, 19, 13),
(286, 143, 34, 13),


-- квитки на другий сеанс 
-- 2025-05-09
(287, 144, 51, 14),
(289, 144, 52, 14),
(290, 144, 53, 14),
(291, 145, 54, 14),
(292, 146, 55, 14),
(293, 146, 71, 14),
(294, 147, 41, 14),
(295, 147, 42, 14),
(296, 148, 43, 14),
(297, 148, 74, 14),
(298, 149, 56, 14),
(299, 149, 57, 14),
(300, 149, 58, 14), 


-- квитки на третій сеанс 
-- 2025-05-09
(301, 150, 81, 15),
(302, 151, 110, 15),
(303, 151, 109, 15),
(304, 151, 108, 15),
(305, 152, 107, 15),
(306, 153, 120, 15),
(307, 153, 119, 15),
(308, 154, 82, 15),
(309, 154, 83, 15),
(310, 155, 106, 15),
(311, 155, 105, 15),
(312, 155, 104, 15),
(313, 156, 86, 15),
(314, 156, 118, 15),
(315, 157, 103, 15),
(316, 157, 102, 15),
(317, 157, 101, 15),

-- квитки на четвертий сеанс 
-- 2025-05-09

(318, 158, 150, 16),
(319, 158, 160, 16),
(320, 159, 159, 16),
(321, 159, 158, 16),
(322, 160, 149, 16),
(323, 160, 148, 16),
(324, 160, 147, 16),
(325, 161, 130, 16),
(326, 162, 129, 16),
(327, 162, 146, 16),
(328, 162, 157, 16),
(329, 163, 145, 16),
(330, 163, 144, 16),
(331, 163, 143, 16),
(332, 164, 142, 16),
(333, 164, 156, 16),
(334, 165, 128, 16),
(335, 165, 127, 16),

-- квитки на перший сеанс 
-- 2025-05-10
(336, 166, 40, 17),
(337, 166, 39, 17),
(338, 167, 30, 17),
(339, 167, 29, 17),
(340, 167, 28, 17),
(341, 168, 38, 17),
(342, 168, 10, 17),
(343, 169, 9, 17),
(344, 170, 27, 17),
(345, 170, 37, 17),
(346, 171, 26, 17),

-- квитки на другий сеанс 
-- 2025-05-10
(347, 172, 70, 18),
(348, 172, 69, 18),
(349, 172, 68, 18),
(350, 173, 41, 18),
(351, 174, 67, 18),
(352, 174, 66, 18),
(353, 174, 65, 18),
(354, 175, 42, 18),
(355, 175, 80, 18),
(356, 176, 79, 18),
(357, 176, 78, 18),
(358, 177, 64, 18),
(359, 177, 63, 18),
(360, 177, 62, 18),
(361, 178, 43, 18),
(362, 178, 44, 18),
(363, 179, 61, 18),

-- квитки на третій сеанс 
-- 2025-05-10
(364, 180, 111, 19),
(365, 180, 112, 19),
(366, 181, 91, 19),
(367, 181, 92, 19),
(368, 181, 93, 19),
(369, 182, 94, 19),
(370, 182, 113, 19),
(371, 183, 81, 19),
(372, 183, 82, 19),
(373, 184, 95, 19),
(374, 184, 96, 19),
(375, 184, 97, 19),
(376, 185, 83, 19),

-- квитки на четвертий сеанс 
-- 2025-05-10
(377, 186, 151, 20),
(378, 186, 152, 20),
(379, 187, 131, 20),
(380, 188, 132, 20),
(381, 188, 133, 20),
(382, 188, 134, 20),
(383, 189, 121, 20),
(384, 189, 153, 20),
(385, 190, 122, 20),
(386, 191, 154, 20),
(387, 191, 155, 20),
(388, 192, 135, 20),
(389, 192, 136, 20),
(390, 192, 137, 20),

-- квитки на перший сеанс 
-- 2025-05-11
(391, 193, 11, 21),
(392, 193, 34, 21),
(393, 194, 8, 21),
(394, 194, 7, 21),
(395, 195, 12, 21),
(396, 196, 13, 21),
(397, 196, 14, 21),
(398, 196, 15, 21),
(399, 197, 4, 21),
(400, 198, 35, 21),
(401, 198, 36, 21), 

-- квитки на другий сеанс 
-- 2025-05-11
(402, 199, 51, 22),
(403, 199, 52, 22),
(404, 199, 53, 22),
(405, 200, 41, 22),
(406, 200, 53, 22),
(407, 201, 54, 22),
(408, 202, 42, 22),
(409, 203, 55, 22),
(410, 203, 56, 22),
(411, 203, 57, 22),
(412, 204, 58, 22),
(413, 204, 80, 22),

-- квитки на третій сеанс 
-- 2025-05-11
(414, 205, 90, 23),
(415, 205, 89, 23),
(416, 206, 117, 23),
(418, 206, 118, 23),
(419, 207, 88, 23),
(420, 207, 119, 23),
(421, 208, 110, 23),
(422, 208, 109, 23),
(423, 208, 108, 23),
(424, 209, 87, 23),
(425, 210, 107, 23),
(426, 211, 106, 23),
(427, 211, 105, 23),
(428, 211, 104, 23),
(429, 212, 103, 23),
(430, 212, 111, 23), 

-- квитки на четвертий сеанс 
-- 2025-05-11
(431, 213, 130, 24),
(432, 213, 129, 24),
(433, 214, 128, 24),
(434, 215, 158, 24),
(435, 215, 157, 24),
(436, 216, 127, 24),
(437, 216, 156, 24),
(438, 217, 131, 24),
(439, 217, 132, 24),
(440, 217, 133, 24),
(441, 218, 134, 24), 

-- квитки на перший сеанс 
-- 2025-05-12
(442, 219, 21, 25),
(443, 219, 22, 25),
(444, 219, 23, 25),
(445, 220, 8, 25),
(446, 221, 24, 25),
(447, 221, 36, 25),
(448, 222, 4, 25),
(449, 222, 3, 25),
(450, 223, 39, 25),
(451, 223, 40, 25),

-- квитки на другий сеанс 
-- 2025-05-12
(452, 224, 41, 26),
(453, 224, 71, 26),
(454, 225, 57, 26),
(455, 226, 58, 26),
(456, 226, 59, 26),
(457, 226, 60, 26),
(458, 227, 42, 26),
(459, 227, 43, 26),
(460, 228, 44, 26),
(461, 229, 75, 26),
(462, 229, 76, 26),
(463, 230, 61, 26),
(464, 230, 62, 26),
(465, 230, 63, 26), 

-- квитки на третій сеанс 
-- 2025-05-12
(466, 231, 97, 27),
(467, 231, 112, 27),
(468, 232, 86, 27),
(469, 232, 87, 27),
(470, 233, 88, 27),
(471, 233, 114, 27),
(472, 234, 98, 27),
(473, 234, 99, 27),
(474, 234, 100, 27),
(475, 235, 89, 27),
(476, 236, 103, 27),  --

-- квитки на четвертий сеанс 
-- 2025-05-12
(477, 237, 138, 28), --
(479, 237, 139, 28),
(480, 237, 140, 28),
(481, 238, 141, 28),
(482, 238, 152, 28),
(483, 239, 126, 28),
(484, 239, 127, 28),
(485, 240, 156, 28),
(486, 240, 158, 28),
(487, 241, 130, 28),
(488, 241, 159, 28);
